-- PERSONA

INSERT INTO PERSONA (ID_PERSONA,NOMBRE,APELLIDO,TIPO_DOCUMENTO,NRO_DOCUMENTO,TELEFONO_CELULAR,TELEFONO_FIJO,DIRECCION,DPTO,PISO,LOCALIDAD,CODIGO_POSTAL,PROVINCIA, FECHA_NACIMIENTO) VALUES (PERSONA_seq_pk.NEXTVAL,'Mario','Urtado','DNI','34403865','0221 1554 85745',null,'Corrientes 485',null,null,'Capital Federal','1043','Buenos Aires', '26/09/1989');
INSERT INTO PERSONA (ID_PERSONA,NOMBRE,APELLIDO,TIPO_DOCUMENTO,NRO_DOCUMENTO,TELEFONO_CELULAR,TELEFONO_FIJO,DIRECCION,DPTO,PISO,LOCALIDAD,CODIGO_POSTAL,PROVINCIA, FECHA_NACIMIENTO) VALUES (PERSONA_seq_pk.NEXTVAL,'Maximiliano','Alexandroff','DNI','37402865','011 1561 52145',null,'San Martin 546',null,null,'Ezeiza','1043','Buenos Aires', '30/01/1991');
INSERT INTO PERSONA (ID_PERSONA,NOMBRE,APELLIDO,TIPO_DOCUMENTO,NRO_DOCUMENTO,TELEFONO_CELULAR,TELEFONO_FIJO,DIRECCION,DPTO,PISO,LOCALIDAD,CODIGO_POSTAL,PROVINCIA, FECHA_NACIMIENTO) VALUES (PERSONA_seq_pk.NEXTVAL,'Diego','Rodriguez','DNI','32456845','0223 1557 12535',null,'Florida 234',null,null,'Capital Federal','1043','Buenos Aires', '18/07/1986');
INSERT INTO PERSONA (ID_PERSONA,NOMBRE,APELLIDO,TIPO_DOCUMENTO,NRO_DOCUMENTO,TELEFONO_CELULAR,TELEFONO_FIJO,DIRECCION,DPTO,PISO,LOCALIDAD,CODIGO_POSTAL,PROVINCIA, FECHA_NACIMIENTO) VALUES (PERSONA_seq_pk.NEXTVAL,'Julian','Dominguez','DNI','35407881','0228 1560 5241',null,'Av. Roca 845',null,null,'Trelew','1028','Chubut', '28/02/1981');
INSERT INTO PERSONA (ID_PERSONA,NOMBRE,APELLIDO,TIPO_DOCUMENTO,NRO_DOCUMENTO,TELEFONO_CELULAR,TELEFONO_FIJO,DIRECCION,DPTO,PISO,LOCALIDAD,CODIGO_POSTAL,PROVINCIA, FECHA_NACIMIENTO) VALUES (PERSONA_seq_pk.NEXTVAL,'Juan','Altamira','DNI','17859341','02627 1550 36524',null,'Camino del inca 853',null,null,'San Rafael','1812','Mendoza', '21/09/1971');
INSERT INTO PERSONA (ID_PERSONA,NOMBRE,APELLIDO,TIPO_DOCUMENTO,NRO_DOCUMENTO,TELEFONO_CELULAR,TELEFONO_FIJO,DIRECCION,DPTO,PISO,LOCALIDAD,CODIGO_POSTAL,PROVINCIA, FECHA_NACIMIENTO) VALUES (PERSONA_seq_pk.NEXTVAL,'Micaela','Galvan','DNI','29456032','02920 1553 3785',null,'Mapuche 123',null,null,'Viedma','8245','Rio Negro', '21/11/1983');
INSERT INTO PERSONA (ID_PERSONA,NOMBRE,APELLIDO,TIPO_DOCUMENTO,NRO_DOCUMENTO,TELEFONO_CELULAR,TELEFONO_FIJO,DIRECCION,DPTO,PISO,LOCALIDAD,CODIGO_POSTAL,PROVINCIA, FECHA_NACIMIENTO) VALUES (PERSONA_seq_pk.NEXTVAL,'Emiliano','Hernandez','DNI','27854931','011 1561 95687',null,'Julian 321',null,null,'Capital Federal','1043','Buenos Aires', '06/10/1979');
INSERT INTO PERSONA (ID_PERSONA,NOMBRE,APELLIDO,TIPO_DOCUMENTO,NRO_DOCUMENTO,TELEFONO_CELULAR,TELEFONO_FIJO,DIRECCION,DPTO,PISO,LOCALIDAD,CODIGO_POSTAL,PROVINCIA, FECHA_NACIMIENTO) VALUES (PERSONA_seq_pk.NEXTVAL,'Maria','Miranda','DNI','13584782','011 1563 81564',null,'Luis Beltran 2846',null,null,'Ituzaingo','8462','Buenos Aires', '12/12/1990');
INSERT INTO PERSONA (ID_PERSONA,NOMBRE,APELLIDO,TIPO_DOCUMENTO,NRO_DOCUMENTO,TELEFONO_CELULAR,TELEFONO_FIJO,DIRECCION,DPTO,PISO,LOCALIDAD,CODIGO_POSTAL,PROVINCIA, FECHA_NACIMIENTO) VALUES (PERSONA_seq_pk.NEXTVAL,'Hernan','Vasco','DNI','9584123',null,null,'Tronador 129',null,null,'Bariloche','8125','Rio Negro', '08/12/1989');
INSERT INTO PERSONA (ID_PERSONA,NOMBRE,APELLIDO,TIPO_DOCUMENTO,NRO_DOCUMENTO,TELEFONO_CELULAR,TELEFONO_FIJO,DIRECCION,DPTO,PISO,LOCALIDAD,CODIGO_POSTAL,PROVINCIA, FECHA_NACIMIENTO) VALUES (PERSONA_seq_pk.NEXTVAL,'Alfio','Basile','DNI','7859642','0258 1568 21158',null,'Cristian Castro 835',null,null,'Azul','1854','Buenos Aires', '06/02/1990');
INSERT INTO PERSONA (ID_PERSONA,NOMBRE,APELLIDO,TIPO_DOCUMENTO,NRO_DOCUMENTO,TELEFONO_CELULAR,TELEFONO_FIJO,DIRECCION,DPTO,PISO,LOCALIDAD,CODIGO_POSTAL,PROVINCIA, FECHA_NACIMIENTO) VALUES (PERSONA_seq_pk.NEXTVAL,'Joaquin','Villalba','DNI','35895471',null,null,'Vera 1',null,null,'Berazategui','1955','Buenos Aires', '05/05/1990');
INSERT INTO PERSONA (ID_PERSONA,NOMBRE,APELLIDO,TIPO_DOCUMENTO,NRO_DOCUMENTO,TELEFONO_CELULAR,TELEFONO_FIJO,DIRECCION,DPTO,PISO,LOCALIDAD,CODIGO_POSTAL,PROVINCIA, FECHA_NACIMIENTO) VALUES (PERSONA_seq_pk.NEXTVAL,'Sol','Gatica','DNI','33841583','0225 1551 32568',null,'False 123',null,null,'Venado Tuerto','3584','Santa Fe', '29/01/1987');
INSERT INTO PERSONA (ID_PERSONA,NOMBRE,APELLIDO,TIPO_DOCUMENTO,NRO_DOCUMENTO,TELEFONO_CELULAR,TELEFONO_FIJO,DIRECCION,DPTO,PISO,LOCALIDAD,CODIGO_POSTAL,PROVINCIA, FECHA_NACIMIENTO) VALUES (PERSONA_seq_pk.NEXTVAL,'Maria','Miranda','DNI','13584782',null,null,'Diagonal Norte 823',null,null,'Julilandia','4125','Buenos Aires', '06/11/1988');
INSERT INTO PERSONA (ID_PERSONA,NOMBRE,APELLIDO,TIPO_DOCUMENTO,NRO_DOCUMENTO,TELEFONO_CELULAR,TELEFONO_FIJO,DIRECCION,DPTO,PISO,LOCALIDAD,CODIGO_POSTAL,PROVINCIA, FECHA_NACIMIENTO) VALUES (PERSONA_seq_pk.NEXTVAL,'Julia','Mejia','DNI','21849317','0221 1550 19752',null,'Juli 547',null,null,'Luis Guillon','1255','Buenos Aires','21/07/1980');

-- PRODUCTOR

INSERT INTO PRODUCTOR (ID_PRODUCTOR,DESCRIPCION,RAZON_SOCIAL,CUIT_CUIL) VALUES (PRODUCTOR_seq_pk.NEXTVAL,'Fallavela extras','Falavella S.A','20678458243');
INSERT INTO PRODUCTOR (ID_PRODUCTOR,DESCRIPCION,RAZON_SOCIAL,CUIT_CUIL) VALUES (PRODUCTOR_seq_pk.NEXTVAL,'casi el mejor','Diego Balderrama','20355921051');
INSERT INTO PRODUCTOR (ID_PRODUCTOR,DESCRIPCION,RAZON_SOCIAL,CUIT_CUIL) VALUES (PRODUCTOR_seq_pk.NEXTVAL,'el mejor','Mario urtado','20378952131');

-- TOMADOR

Insert into TOMADOR (ID_TOMADOR,ID_PERSONA,ID_POLIZA) values (TOMADOR_seq_pk.NEXTVAL,'3','3');
Insert into TOMADOR (ID_TOMADOR,ID_PERSONA,ID_POLIZA) values (TOMADOR_seq_pk.NEXTVAL,'4','4');
Insert into TOMADOR (ID_TOMADOR,ID_PERSONA,ID_POLIZA) values (TOMADOR_seq_pk.NEXTVAL,'5','5');
Insert into TOMADOR (ID_TOMADOR,ID_PERSONA,ID_POLIZA) values (TOMADOR_seq_pk.NEXTVAL,'1','6');
Insert into TOMADOR (ID_TOMADOR,ID_PERSONA,ID_POLIZA) values (TOMADOR_seq_pk.NEXTVAL,'2','7');
Insert into TOMADOR (ID_TOMADOR,ID_PERSONA,ID_POLIZA) values (TOMADOR_seq_pk.NEXTVAL,'1','21');
Insert into TOMADOR (ID_TOMADOR,ID_PERSONA,ID_POLIZA) values (TOMADOR_seq_pk.NEXTVAL,'1','22');
Insert into TOMADOR (ID_TOMADOR,ID_PERSONA,ID_POLIZA) values (TOMADOR_seq_pk.NEXTVAL,'1','23');
Insert into TOMADOR (ID_TOMADOR,ID_PERSONA,ID_POLIZA) values (TOMADOR_seq_pk.NEXTVAL,'3','24');
Insert into TOMADOR (ID_TOMADOR,ID_PERSONA,ID_POLIZA) values (TOMADOR_seq_pk.NEXTVAL,'10','25');

-- DATO_VIVIENDA

INSERT INTO DATO_VIVIENDA (ID_DETALLE, NOMBRE, DESCRIPCION) VALUES ( DATO_VIVIENDA_seq_pk.NEXTVAL, 'Disyuntor' , '');
INSERT INTO DATO_VIVIENDA (ID_DETALLE, NOMBRE, DESCRIPCION) VALUES ( DATO_VIVIENDA_seq_pk.NEXTVAL, 'Caldera', '');
INSERT INTO DATO_VIVIENDA (ID_DETALLE, NOMBRE, DESCRIPCION) VALUES ( DATO_VIVIENDA_seq_pk.NEXTVAL, 'Guardia', '');
INSERT INTO DATO_VIVIENDA (ID_DETALLE, NOMBRE, DESCRIPCION) VALUES ( DATO_VIVIENDA_seq_pk.NEXTVAL, 'Alarma', '');

--HOGAR_DATO_VIVIENDA

INSERT INTO HOGAR_DATO_VIVIENDA (ID_DATO_VIVIENDA, ID_HOGAR) VALUES (1,1);
INSERT INTO HOGAR_DATO_VIVIENDA (ID_DATO_VIVIENDA, ID_HOGAR) VALUES (1,2);
INSERT INTO HOGAR_DATO_VIVIENDA (ID_DATO_VIVIENDA, ID_HOGAR) VALUES (1,4);
INSERT INTO HOGAR_DATO_VIVIENDA (ID_DATO_VIVIENDA, ID_HOGAR) VALUES (2,1);
INSERT INTO HOGAR_DATO_VIVIENDA (ID_DATO_VIVIENDA, ID_HOGAR) VALUES (2,3);
INSERT INTO HOGAR_DATO_VIVIENDA (ID_DATO_VIVIENDA, ID_HOGAR) VALUES (3,1);
INSERT INTO HOGAR_DATO_VIVIENDA (ID_DATO_VIVIENDA, ID_HOGAR) VALUES (3,4);
INSERT INTO HOGAR_DATO_VIVIENDA (ID_DATO_VIVIENDA, ID_HOGAR) VALUES (5,2);
INSERT INTO HOGAR_DATO_VIVIENDA (ID_DATO_VIVIENDA, ID_HOGAR) VALUES (5,3);
INSERT INTO HOGAR_DATO_VIVIENDA (ID_DATO_VIVIENDA, ID_HOGAR) VALUES (5,4);
INSERT INTO HOGAR_DATO_VIVIENDA (ID_HOGAR, ID_DATO_VIVIENDA) VALUES ( 1,4 );

-- RIESGO

INSERT INTO RIESGO (ID_RIESGO, DESCRIPCION) VALUES (RIESGO_seq_pk.NEXTVAL, 'Incendio' );
INSERT INTO RIESGO (ID_RIESGO, DESCRIPCION) VALUES (RIESGO_seq_pk.NEXTVAL, 'Robo y/o hurto' );
INSERT INTO RIESGO (ID_RIESGO, DESCRIPCION) VALUES (RIESGO_seq_pk.NEXTVAL, 'Derrumbe' );
INSERT INTO RIESGO (ID_RIESGO, DESCRIPCION) VALUES (RIESGO_seq_pk.NEXTVAL, 'Daño a Terceros' );
INSERT INTO RIESGO (ID_RIESGO, DESCRIPCION) VALUES (RIESGO_seq_pk.NEXTVAL, 'Inundacion' );
INSERT INTO RIESGO (ID_RIESGO, DESCRIPCION) VALUES (RIESGO_seq_pk.NEXTVAL, 'Daño por terceros' );
INSERT INTO RIESGO (ID_RIESGO, DESCRIPCION) VALUES (RIESGO_seq_pk.NEXTVAL, 'Destruccion por bandalismo' );
INSERT INTO RIESGO (ID_RIESGO, DESCRIPCION) VALUES (RIESGO_seq_pk.NEXTVAL, 'Daños climaticos' );
INSERT INTO RIESGO (ID_RIESGO, DESCRIPCION) VALUES (RIESGO_seq_pk.NEXTVAL, 'Daños por Agua' );
INSERT INTO RIESGO (ID_RIESGO, DESCRIPCION) VALUES (RIESGO_seq_pk.NEXTVAL, 'Daños por roturas de cristales' );

-- IMPUESTO

INSERT INTO IMPUESTO (ID_IMPUESTO, DESCRIPCION, PORCENTAJE) VALUES ( IMPUESTO_seq_pk.NEXTVAL, 'IVA', 2 );
INSERT INTO IMPUESTO (ID_IMPUESTO, DESCRIPCION, PORCENTAJE) VALUES ( IMPUESTO_seq_pk.NEXTVAL, 'LEY 20.548', 2 );
INSERT INTO IMPUESTO (ID_IMPUESTO, DESCRIPCION, PORCENTAJE) VALUES ( IMPUESTO_seq_pk.NEXTVAL , 'LEY 13/1996,',  3);
INSERT INTO IMPUESTO (ID_IMPUESTO, DESCRIPCION, PORCENTAJE) VALUES ( IMPUESTO_seq_pk.NEXTVAL , 'Ley 12/435 Chubut', 2 );


-- COBERTURA

INSERT INTO COBERTURA (ID_COBERTURA, DESCRIPCION) VALUES (COBERTURA_seq_pk.NEXTVAL, 'Incendio Edificio y/oo mobiliario');
INSERT INTO COBERTURA (ID_COBERTURA, DESCRIPCION) VALUES (COBERTURA_seq_pk.NEXTVAL, 'Responsabilidad Civil');
INSERT INTO COBERTURA (ID_COBERTURA, DESCRIPCION) VALUES (COBERTURA_seq_pk.NEXTVAL, 'Daños por agua al mobiliario');
INSERT INTO COBERTURA (ID_COBERTURA, DESCRIPCION) VALUES (COBERTURA_seq_pk.NEXTVAL, 'Gastos extras por incendio');
INSERT INTO COBERTURA (ID_COBERTURA, DESCRIPCION) VALUES (COBERTURA_seq_pk.NEXTVAL, 'Daños por intento de robo');
INSERT INTO COBERTURA (ID_COBERTURA, DESCRIPCION) VALUES (COBERTURA_seq_pk.NEXTVAL, 'Robo y/o hurto del mobiliario');
INSERT INTO COBERTURA (ID_COBERTURA, DESCRIPCION) VALUES (COBERTURA_seq_pk.NEXTVAL, 'Todo Riesgo TV, audio, DVD y PC');

-- PLAN

Insert into PLANES (ID_PLAN, NOMBRE, DESCRIPCION) values (PLAN_seq_pk.NEXTVAL, 'TODO RIESGO','full full');
Insert into PLANES (ID_PLAN, NOMBRE, DESCRIPCION) values (PLAN_seq_pk.NEXTVAL, 'PLATA','casi full');
INSERT INTO PLANES (ID_PLAN, NOMBRE, DESCRIPCION) VALUES (PLAN_seq_pk.NEXTVAL, 'PLAN ABIERTO', 'Plan sin coberturas predefinidas' );

-- PLAN_COBERTURA

INSERT INTO PLAN_COBERTURA (ID_PLAN_COBERTURA, ID_PLAN, ID_COBERTURA) VALUES ( PLAN_COBERTURA_SEQ_PK.NEXTVAL, 3, 1);
INSERT INTO PLAN_COBERTURA (ID_PLAN_COBERTURA, ID_PLAN, ID_COBERTURA) VALUES ( PLAN_COBERTURA_SEQ_PK.NEXTVAL, 3, 7);
INSERT INTO PLAN_COBERTURA (ID_PLAN_COBERTURA, ID_PLAN, ID_COBERTURA) VALUES ( PLAN_COBERTURA_SEQ_PK.NEXTVAL, 3, 5);
INSERT INTO PLAN_COBERTURA (ID_PLAN_COBERTURA, ID_PLAN, ID_COBERTURA) VALUES ( PLAN_COBERTURA_SEQ_PK.NEXTVAL, 4, 2 );
INSERT INTO PLAN_COBERTURA (ID_PLAN_COBERTURA, ID_PLAN, ID_COBERTURA) VALUES ( PLAN_COBERTURA_SEQ_PK.NEXTVAL, 4, 5 );

-- POLIZA

Insert into POLIZA (ID_POLIZA, TIPO, PREMIO, FECHA_EMISION, FECHA_VENCIMIENTO, TIPO_PLAN, ID_HOGAR, VIGENTE) values (POLIZA_seq_pk.NEXTVAL, 'INDIVIDUAL', '1500', '20/01/2015','10/12/2020', 'ABIERTO','1', '1');
Insert into POLIZA (ID_POLIZA, TIPO, PREMIO, FECHA_EMISION, FECHA_VENCIMIENTO, TIPO_PLAN, ID_HOGAR, VIGENTE) values (POLIZA_seq_pk.NEXTVAL, 'INDIVIDUAL', '1500', '20/01/2015','10/12/2020', 'CERRADO','2', '1');
Insert into POLIZA (ID_POLIZA, TIPO, PREMIO, FECHA_EMISION, FECHA_VENCIMIENTO, TIPO_PLAN, ID_HOGAR, VIGENTE) values (POLIZA_seq_pk.NEXTVAL, 'INDIVIDUAL', '1500', '12/01/2015','10/12/2020', 'CERRADO','3', '1');
Insert into POLIZA (ID_POLIZA, TIPO, PREMIO, FECHA_EMISION, FECHA_VENCIMIENTO, TIPO_PLAN, ID_HOGAR, VIGENTE) values (POLIZA_seq_pk.NEXTVAL, 'INDIVIDUAL', '1500', '15/01/2015','10/12/2020', 'CERRADO','4', '1');
Insert into POLIZA (ID_POLIZA, TIPO, PREMIO, FECHA_EMISION, FECHA_VENCIMIENTO, TIPO_PLAN, ID_HOGAR, VIGENTE) values (POLIZA_seq_pk.NEXTVAL, 'INDIVIDUAL', '1500', '26/01/2015','10/12/2020', 'CERRADO','5', '1');
INSERT INTO POLIZA (ID_POLIZA, TIPO, PREMIO, FECHA_EMISION, FECHA_VENCIMIENTO, TIPO_PLAN, ID_HOGAR, VIGENTE) VALUES (POLIZA_seq_pk.NEXTVAL, 'INDIVIDUAL', 425 , '18/10/2014' , '18/10/2015', 'ABIERTO', 21 , 1);
INSERT INTO POLIZA (ID_POLIZA, TIPO, PREMIO, FECHA_EMISION, FECHA_VENCIMIENTO, TIPO_PLAN, ID_HOGAR, VIGENTE) VALUES (POLIZA_seq_pk.NEXTVAL, 'INDIVIDUAL', 525 , '29/12/2013' , '29/12/2014', 'CERRADO', 22 , 0);
INSERT INTO POLIZA (ID_POLIZA, TIPO, PREMIO, FECHA_EMISION, FECHA_VENCIMIENTO, TIPO_PLAN, ID_HOGAR, VIGENTE) VALUES (POLIZA_seq_pk.NEXTVAL, 'INDIVIDUAL', 874 , '01/09/2014' , '01/09/2015', 'ABIERTO', 23 , 1);
INSERT INTO POLIZA (ID_POLIZA, TIPO, PREMIO, FECHA_EMISION, FECHA_VENCIMIENTO, TIPO_PLAN, ID_HOGAR, VIGENTE) VALUES (POLIZA_seq_pk.NEXTVAL, 'INDIVIDUAL', 666 , '28/02/2015' , '28/02/2016', 'CERRADO', 24 , 1);
INSERT INTO POLIZA (ID_POLIZA, TIPO, PREMIO, FECHA_EMISION, FECHA_VENCIMIENTO, TIPO_PLAN, ID_HOGAR, VIGENTE) VALUES (POLIZA_seq_pk.NEXTVAL, 'INDIVIDUAL', 1025 , '15/03/2014' , '15/03/2015', 'CERRADO', 25 , 0);

--HOGAR

Insert into HOGAR (ID_HOGAR, DIRECCION, DPTO, PISO, LOCALIDAD, CODIGO_POSTAL, PROVINCIA, METROS_CUBIERTOS, ID_ZONA) values (HOGAR_seq_pk.NEXTVAL, '12 DE OCTUBRE 415',' ','0','QUILMES','1882','BUENOS AIRES','50','1');
Insert into HOGAR (ID_HOGAR, DIRECCION, DPTO, PISO, LOCALIDAD, CODIGO_POSTAL, PROVINCIA, METROS_CUBIERTOS, ID_ZONA) values (HOGAR_seq_pk.NEXTVAL, 'RIVADAVIA 815',' ','0','QUILMES','1882','BUENOS AIRES','25','1');
Insert into HOGAR (ID_HOGAR, DIRECCION, DPTO, PISO, LOCALIDAD, CODIGO_POSTAL, PROVINCIA, METROS_CUBIERTOS, ID_ZONA) values (HOGAR_seq_pk.NEXTVAL, 'SAN MARTIN 1418','A','8','SAN ISIDRO','2032','BUENOS AIRES','30','2');
Insert into HOGAR (ID_HOGAR, DIRECCION, DPTO, PISO, LOCALIDAD, CODIGO_POSTAL, PROVINCIA, METROS_CUBIERTOS, ID_ZONA) values (HOGAR_seq_pk.NEXTVAL, 'EL TORDO 2280',' ','0','ITUZAINGO','1714','BUENOS AIRES','25','4');
Insert into HOGAR (ID_HOGAR, DIRECCION, DPTO, PISO, LOCALIDAD, CODIGO_POSTAL, PROVINCIA, METROS_CUBIERTOS, ID_ZONA) values (HOGAR_seq_pk.NEXTVAL, '1 325','B','1','LA PLATA','1900','BUENOS AIRES','40','1');
INSERT INTO HOGAR (ID_HOGAR, DIRECCION, DPTO, PISO, LOCALIDAD, CODIGO_POSTAL, PROVINCIA, METROS_CUBIERTOS, ID_ZONA) VALUES (HOGAR_SEQ_PK.NEXTVAL, 'MONTOTO 2320', ' ', 0, 'CARLOS PAZ', '2522', 'CORDOBA', 20, 3 );
INSERT INTO HOGAR (ID_HOGAR, DIRECCION, DPTO, PISO, LOCALIDAD, CODIGO_POSTAL, PROVINCIA, METROS_CUBIERTOS, ID_ZONA) VALUES (HOGAR_SEQ_PK.NEXTVAL, 'CASIMIRO 20', ' ', 0, 'VILLA MARIA', '2422', 'CORDOBA', 25, 21 );
INSERT INTO HOGAR (ID_HOGAR, DIRECCION, DPTO, PISO, LOCALIDAD, CODIGO_POSTAL, PROVINCIA, METROS_CUBIERTOS, ID_ZONA)VALUES (HOGAR_SEQ_PK.NEXTVAL, 'LEPROSO 4598', 'C', 10, 'ROSARIO', '0029', 'SANTA FE', 30, 21 );
INSERT INTO HOGAR (ID_HOGAR, DIRECCION, DPTO, PISO, LOCALIDAD, CODIGO_POSTAL, PROVINCIA, METROS_CUBIERTOS, ID_ZONA)VALUES (HOGAR_SEQ_PK.NEXTVAL, 'CANALLA 698', 'A', 8, 'ROSARIO', '0029', 'SANTA FE', 32, 21 );

-- POLIZA_PLAN ( SE agrego el plan en el mismo dia de la emision de poliza )

Insert into POLIZA_PLAN (FECHA_EMISION,FECHA_VENCIMIENTO,ID_PLAN,ID_POLIZA) values (to_date('26/09/2014','DD/MM/RRRR'),to_date('26/09/2020','DD/MM/RRRR'),'3','3');
INSERT INTO POLIZA_PLAN (ID_POLIZA, ID_PLAN, FECHA_EMISION, FECHA_VENCIMIENTO) VALUES ( 4, 3, (SELECT p.FECHA_EMISION FROM POLIZA p WHERE p.ID_POLIZA = 4), (SELECT p.FECHA_VENCIMIENTO FROM POLIZA p WHERE p.ID_POLIZA = 4));
INSERT INTO POLIZA_PLAN (ID_POLIZA, ID_PLAN, FECHA_EMISION, FECHA_VENCIMIENTO) VALUES ( 5, 4, (SELECT p.FECHA_EMISION FROM POLIZA p WHERE p.ID_POLIZA = 5), (SELECT p.FECHA_VENCIMIENTO FROM POLIZA p WHERE p.ID_POLIZA = 5));
INSERT INTO POLIZA_PLAN (ID_POLIZA, ID_PLAN, FECHA_EMISION, FECHA_VENCIMIENTO) VALUES ( 6, 3, (SELECT p.FECHA_EMISION FROM POLIZA p WHERE p.ID_POLIZA = 6), (SELECT p.FECHA_VENCIMIENTO FROM POLIZA p WHERE p.ID_POLIZA = 6));
INSERT INTO POLIZA_PLAN (ID_POLIZA, ID_PLAN, FECHA_EMISION, FECHA_VENCIMIENTO) VALUES ( 7, 4, (SELECT p.FECHA_EMISION FROM POLIZA p WHERE p.ID_POLIZA = 7), (SELECT p.FECHA_VENCIMIENTO FROM POLIZA p WHERE p.ID_POLIZA = 7));
INSERT INTO POLIZA_PLAN (ID_POLIZA, ID_PLAN, FECHA_EMISION, FECHA_VENCIMIENTO) VALUES (21, 3, (SELECT p.FECHA_EMISION FROM POLIZA p WHERE p.ID_POLIZA = 21), (SELECT p.FECHA_VENCIMIENTO FROM POLIZA p WHERE p.ID_POLIZA = 21));
INSERT INTO POLIZA_PLAN (ID_POLIZA, ID_PLAN, FECHA_EMISION, FECHA_VENCIMIENTO) VALUES (22, 4, (SELECT p.FECHA_EMISION FROM POLIZA p WHERE p.ID_POLIZA = 22), (SELECT p.FECHA_VENCIMIENTO FROM POLIZA p WHERE p.ID_POLIZA = 22));
INSERT INTO POLIZA_PLAN (ID_POLIZA, ID_PLAN, FECHA_EMISION, FECHA_VENCIMIENTO) VALUES (23, 4, (SELECT p.FECHA_EMISION FROM POLIZA p WHERE p.ID_POLIZA = 23), (SELECT p.FECHA_VENCIMIENTO FROM POLIZA p WHERE p.ID_POLIZA = 23));
INSERT INTO POLIZA_PLAN (ID_POLIZA, ID_PLAN, FECHA_EMISION, FECHA_VENCIMIENTO) VALUES (24, 4, (SELECT p.FECHA_EMISION FROM POLIZA p WHERE p.ID_POLIZA = 24), (SELECT p.FECHA_VENCIMIENTO FROM POLIZA p WHERE p.ID_POLIZA = 24));
INSERT INTO POLIZA_PLAN (ID_POLIZA, ID_PLAN, FECHA_EMISION, FECHA_VENCIMIENTO) VALUES (25, 3, (SELECT p.FECHA_EMISION FROM POLIZA p WHERE p.ID_POLIZA = 25), (SELECT p.FECHA_VENCIMIENTO FROM POLIZA p WHERE p.ID_POLIZA = 25));

-- ANEXO

INSERT INTO ANEXO (ID_ANEXO, DESCRIPCION, OPERACION) VALUES ( ANEXO_seq_pk.NEXTVAL, 'Anexo operacion 3', 'ADICIONALES' );
INSERT INTO ANEXO (ID_ANEXO, DESCRIPCION, OPERACION) VALUES ( ANEXO_seq_pk.NEXTVAL, 'Anexo 4' , 'ADICIONALES');
INSERT INTO ANEXO (ID_ANEXO, DESCRIPCION, OPERACION) VALUES ( ANEXO_seq_pk.NEXTVAL, 'Anexo 5' , 'ADICIONALES');
INSERT INTO ANEXO (ID_ANEXO, DESCRIPCION, OPERACION) VALUES ( ANEXO_seq_pk.NEXTVAL, 'Anexo 6' , 'ADICIONALES');
INSERT INTO ANEXO (ID_ANEXO, DESCRIPCION, OPERACION) VALUES ( ANEXO_seq_pk.NEXTVAL, 'Anexo 7' , 'ADICIONALES');
INSERT INTO ANEXO (ID_ANEXO, DESCRIPCION, OPERACION) VALUES ( ANEXO_seq_pk.NEXTVAL, 'Anexo 8' , 'ADICIONALES');
INSERT INTO ANEXO (ID_ANEXO, DESCRIPCION, OPERACION) VALUES ( ANEXO_seq_pk.NEXTVAL, 'Anexo 9' , 'ADICIONALES');

-- POLIZA_ANEXO

INSERT INTO POLIZA_ANEXO ( ID_POLIZA, ID_ANEXO, FECHA_EMISION, FECHA_VENCIMIENTO) VALUES ( 3, 1, (SELECT p.FECHA_EMISION FROM POLIZA p WHERE p.ID_POLIZA = 3), (SELECT p.FECHA_VENCIMIENTO FROM POLIZA p WHERE p.ID_POLIZA = 3) );
INSERT INTO POLIZA_ANEXO ( ID_POLIZA, ID_ANEXO, FECHA_EMISION, FECHA_VENCIMIENTO) VALUES ( 4, 21, (SELECT p.FECHA_EMISION FROM POLIZA p WHERE p.ID_POLIZA = 4), (SELECT p.FECHA_VENCIMIENTO FROM POLIZA p WHERE p.ID_POLIZA = 4)); 
INSERT INTO POLIZA_ANEXO ( ID_POLIZA, ID_ANEXO, FECHA_EMISION, FECHA_VENCIMIENTO) VALUES ( 5, 22, (SELECT p.FECHA_EMISION FROM POLIZA p WHERE p.ID_POLIZA = 5), (SELECT p.FECHA_VENCIMIENTO FROM POLIZA p WHERE p.ID_POLIZA = 5));
INSERT INTO POLIZA_ANEXO ( ID_POLIZA, ID_ANEXO, FECHA_EMISION, FECHA_VENCIMIENTO) VALUES ( 6, 23, (SELECT p.FECHA_EMISION FROM POLIZA p WHERE p.ID_POLIZA = 6), (SELECT p.FECHA_VENCIMIENTO FROM POLIZA p WHERE p.ID_POLIZA = 6));
INSERT INTO POLIZA_ANEXO ( ID_POLIZA, ID_ANEXO, FECHA_EMISION, FECHA_VENCIMIENTO) VALUES ( 7, 23, (SELECT p.FECHA_EMISION FROM POLIZA p WHERE p.ID_POLIZA = 7), (SELECT p.FECHA_VENCIMIENTO FROM POLIZA p WHERE p.ID_POLIZA = 7));

-- ANEXO_COBERTURA

INSERT INTO ANEXO_COBERTURA (ID_ANEXO_COBERTURA, ID_ANEXO, ID_COBERTURA) VALUES ( ANEXO_COBERTURA_seq_pk.NEXTVAL, 1 , 2 );

-- COBERTURA_RIESGO

INSERT INTO COBERTURA_RIESGO (ID_RIESGO, ID_COBERTURA) VALUES (1, 1);
INSERT INTO COBERTURA_RIESGO (ID_RIESGO, ID_COBERTURA) VALUES (4, 1);
INSERT INTO COBERTURA_RIESGO (ID_RIESGO, ID_COBERTURA) VALUES (5, 2);
INSERT INTO COBERTURA_RIESGO (ID_RIESGO, ID_COBERTURA) VALUES (6, 2);
INSERT INTO COBERTURA_RIESGO (ID_RIESGO, ID_COBERTURA) VALUES (7, 2);
insert into COBERTURA_RIESGO (ID_RIESGO, ID_COBERTURA) values (3,8);
insert into COBERTURA_RIESGO (ID_RIESGO, ID_COBERTURA) values (3,5);
insert into COBERTURA_RIESGO (ID_RIESGO, ID_COBERTURA) values (4,1);
insert into COBERTURA_RIESGO (ID_RIESGO, ID_COBERTURA) values (4,7);
insert into COBERTURA_RIESGO (ID_RIESGO, ID_COBERTURA) values (6,2);
insert into COBERTURA_RIESGO (ID_RIESGO, ID_COBERTURA) values (5,7);
insert into COBERTURA_RIESGO (ID_RIESGO, ID_COBERTURA) values (7,1);
insert into COBERTURA_RIESGO (ID_RIESGO, ID_COBERTURA) values (7,2);
insert into COBERTURA_RIESGO (ID_RIESGO, ID_COBERTURA) values (7,5);
insert into COBERTURA_RIESGO (ID_RIESGO, ID_COBERTURA) values (7,8);

-- IMPUESTO

INSERT INTO IMPUESTO VALUES(IMPUESTO_SEQ_PK.NEXTVAL, 'IVA', 21);

-- POLIZA_IMPUESTO

INSERT INTO POLIZA_IMPUESTO VALUES (3,1);
INSERT INTO POLIZA_IMPUESTO VALUES (3,21);
INSERT INTO POLIZA_IMPUESTO VALUES (4,2);
INSERT INTO POLIZA_IMPUESTO VALUES (4,24);
INSERT INTO POLIZA_IMPUESTO VALUES (4,1);

-- PRODUCTOR_POLIZA

insert into productor_poliza (id_productor_poliza, id_productor, id_poliza) values (productor_poliza_seq_pk.nextval, 1, 3);
insert into productor_poliza (id_productor_poliza, id_productor, id_poliza) values (productor_poliza_seq_pk.nextval, 1, 4);
insert into productor_poliza (id_productor_poliza, id_productor, id_poliza) values (productor_poliza_seq_pk.nextval, 2, 5);
insert into productor_poliza (id_productor_poliza, id_productor, id_poliza) values (productor_poliza_seq_pk.nextval, 2, 6);
insert into productor_poliza (id_productor_poliza, id_productor, id_poliza) values (productor_poliza_seq_pk.nextval, 21, 7);

-- SINIESTROS

insert into siniestro values (SINIESTRO_SEQ_PK.NEXTVAL , '25-08-2015' ,'Me Robaron Todo',1,3);
insert into siniestro values (SINIESTRO_SEQ_PK.NEXTVAL , '25-08-2015 08:32:25' ,'Se Me Quemo Todo',1,3);
insert into siniestro values (SINIESTRO_SEQ_PK.NEXTVAL , '07/04/2015 08:30:22 PM' ,'Se Me mojo todos los electrodomesticos',5,5);
insert into siniestro values (SINIESTRO_SEQ_PK.NEXTVAL , '01/01/2015 04:30:22 AM' ,'Estabamos festejando el año nuevo, mis primos empezaron a pelearse y derrumbaron mi casa',3,6);
insert into siniestro values (SINIESTRO_SEQ_PK.NEXTVAL , '20/07/2015 08:30:22 AM' ,'Cayeron escombro sobre la cabeza de mi vecino',4,6);
insert into siniestro values (SINIESTRO_SEQ_PK.NEXTVAL , '30/05/2015 08:59' ,'Mucha humedad en el hogar por lo que provoco derrumbe Total de la casa',3,21);
insert into siniestro values (SINIESTRO_SEQ_PK.NEXTVAL , '02/07/2014 06:20' ,'Fuga de agua de la cocina en la cual provoco que no funcione algunos de los Electrodomesticos',21,22);
insert into siniestro values (SINIESTRO_SEQ_PK.NEXTVAL , '20/09/2000 10:25' ,'Vecinos dañaron gravemente mi casa',7,23);
insert into siniestro values (SINIESTRO_SEQ_PK.NEXTVAL , '26/08/2015 08:00' ,'Rostura en mis cuantros ventanas delanteras',22 ,24);

-- SINIESTRO_TESTIGO

INSERT INTO SINIESTRO_TESTIGO (ID_SINIESTRO, ID_PERSONA) VALUES (2,6);
INSERT INTO SINIESTRO_TESTIGO (ID_SINIESTRO, ID_PERSONA) VALUES (3,7);
INSERT INTO SINIESTRO_TESTIGO (ID_SINIESTRO, ID_PERSONA) VALUES (3,8);
INSERT INTO SINIESTRO_TESTIGO (ID_SINIESTRO, ID_PERSONA) VALUES (6,9);
INSERT INTO SINIESTRO_TESTIGO (ID_SINIESTRO, ID_PERSONA) VALUES (45,11);
INSERT INTO SINIESTRO_TESTIGO (ID_SINIESTRO, ID_PERSONA) VALUES (50,12);
INSERT INTO SINIESTRO_TESTIGO (ID_SINIESTRO, ID_PERSONA) VALUES (51,13);
INSERT INTO SINIESTRO_TESTIGO (ID_SINIESTRO, ID_PERSONA) VALUES (52,14);

-- COMISIONES

INSERT INTO COMISIONES (ID_COMISION, FECHA_INICIO, FECHA_FIN, PORCENTAJE, ID_PRODUCTOR_POLIZA)
VALUES (COMISIONES_SEQ_PK.NEXTVAL,'26-08-2015', '', 10, 5); 

INSERT INTO COMISIONES (ID_COMISION, FECHA_INICIO, FECHA_FIN, PORCENTAJE, ID_PRODUCTOR_POLIZA)
VALUES (COMISIONES_SEQ_PK.NEXTVAL,'26-08-2015', '', 15, 6);

-- DETALLE_COBERTURA

INSERT INTO DETALLE_COBERTURA (ID_OBJETO, DESCRIPCION, COTIZACION, ID_HOGAR, ID_COBERTURA, ID_POLIZA)
VALUES(DETALLE_COBERTURA_SEQ_PK.NEXTVAL, 'NOTEBOOK SAMSUNG RV511', 4500, 1, 7, 3);

INSERT INTO DETALLE_COBERTURA (ID_OBJETO, DESCRIPCION, COTIZACION, ID_HOGAR, ID_COBERTURA, ID_POLIZA)
VALUES(DETALLE_COBERTURA_SEQ_PK.NEXTVAL, 'TELEVISION LED LG 40', 8000, 1, 7, 3);

INSERT INTO DETALLE_COBERTURA (ID_OBJETO, DESCRIPCION, COTIZACION, ID_HOGAR, ID_COBERTURA, ID_POLIZA)
VALUES(DETALLE_COBERTURA_SEQ_PK.NEXTVAL, 'NOTEBOOK LENOVO G560', 5000, 2, 7, 4);

-- Actualizando los planes de las polizas abiertas, asignandoles el plan abierto

UPDATE POLIZA_PLAN SET POLIZA_PLAN.ID_PLAN = ( SELECT pl.ID_PLAN FROM PLANES pl WHERE pl.NOMBRE = 'PLAN ABIERTO' ) WHERE POLIZA_PLAN.ID_POLIZA IN ( SELECT p.ID_POLIZA FROM POLIZA p WHERE p.TIPO_PLAN = 'ABIERTO' );